{"kuala_lumpur": [3.1516636, 101.6943028], "kota_kinabalu": [5.9780066, 116.0728988], "tokyo": [35.6828387, 139.7594549], "jakarta": [-6.1753942, 106.827183], "bangkok": [13.7538929, 100.8160803], "beijing": [39.906217, 116.3912757], "taiwan": [23.59829785, 120.835363138175], "dubai": [25.0750095, 55.1887608818332], "paris": [48.8566101, 2.3514992], "london": [51.5073219, -0.1276474], "new_york": [40.7127281, -74.0060152], "los_angeles": [34.0536909, -118.2427666], "alaska": [64.4459613, -149.680909], "moscow": [55.7504461, 37.6174943], "new_delhi": [28.6141793, 77.2022662], "sydney": [-33.8548157, 151.2164539]}